상품유형,상품명,시장조성자
"금리상품","파생 선물 30년국채","iM증권"
"금리상품","파생 선물 30년국채","교보증권"
"금리상품","파생 선물 30년국채","메리츠"
"금리상품","파생 선물 30년국채","신한증권"
"금리상품","파생 선물 30년국채","키움증권"
"금리상품","파생 선물 30년국채","한양증권"
"금리상품","파생 선물 3개월무위험지표금리","iM증권"
"금리상품","파생 선물 3개월무위험지표금리","교보증권"
"금리상품","파생 선물 3개월무위험지표금리","메리츠"
"금리상품","파생 선물 3개월무위험지표금리","신한증권"
"금리상품","파생 선물 3년-10년 국채선물 상품간 스프레드","BNK증권"
"금리상품","파생 선물 3년-10년 국채선물 상품간 스프레드","SK증권"
"금리상품","파생 선물 3년-10년 국채선물 상품간 스프레드","교보증권"
"금리상품","파생 선물 3년-10년 국채선물 상품간 스프레드","메리츠"
"금리상품","파생 선물 5년국채","교보증권"
"금리상품","파생 선물 5년국채","메리츠"
"금리상품","파생 선물 5년국채","신한증권"
"금리상품","파생 선물 5년국채","한양증권"
"일반상품","파생 선물 금","한국증권"
"주가지수","파생 선물 2차전지 TOP 10","NH투자증권"
"주가지수","파생 선물 2차전지 TOP 10","교보증권"
"주가지수","파생 선물 2차전지 TOP 10","다올투자증권"
"주가지수","파생 선물 BBIG","대신증권"
"주가지수","파생 선물 BBIG","신한증권"
"주가지수","파생 선물 BBIG","유진증권"
"주가지수","파생 선물 KRX 반도체","디에스"
"주가지수","파생 선물 KRX 반도체","유진증권"
"주가지수","파생 선물 KRX 반도체","하나증권"
"주가지수","파생 선물 KRX300","KB증권"
"주가지수","파생 선물 KRX300","LS증권"
"주가지수","파생 선물 KRX300","NH투자증권"
"주가지수","파생 선물 KRX300","iM증권"
"주가지수","파생 선물 KRX300","교보증권"
"주가지수","파생 선물 KRX300","다올투자증권"
"주가지수","파생 선물 KRX300","메리츠"
"주가지수","파생 선물 KRX300","신영증권"
"주가지수","파생 선물 KRX300","신한증권"
"주가지수","파생 선물 KRX300","유안타증권"
"주가지수","파생 선물 KRX300","키움증권"
"주가지수","파생 선물 KRX300","한국증권"
"주가지수","파생 선물 건설","SK증권"
"주가지수","파생 선물 건설","교보증권"
"주가지수","파생 선물 건설","디에스"
"주가지수","파생 선물 경기소비재","다올투자증권"
"주가지수","파생 선물 경기소비재","대신증권"
"주가지수","파생 선물 경기소비재","신한증권"
"주가지수","파생 선물 고배당50","교보증권"
"주가지수","파생 선물 고배당50","한국증권"
"주가지수","파생 선물 고배당50","한화투자"
"주가지수","파생 선물 금융지수","SK증권"
"주가지수","파생 선물 금융지수","유안타증권"
"주가지수","파생 선물 금융지수","한화투자"
"주가지수","파생 선물 바이오 TOP 10","디에스"
"주가지수","파생 선물 바이오 TOP 10","키움증권"
"주가지수","파생 선물 바이오 TOP 10","하나증권"
"주가지수","파생 선물 변동성지수","KB증권"
"주가지수","파생 선물 변동성지수","메리츠"
"주가지수","파생 선물 변동성지수","삼성증권"
"주가지수","파생 선물 산업재","다올투자증권"
"주가지수","파생 선물 산업재","대신증권"
"주가지수","파생 선물 산업재","신한증권"
"주가지수","파생 선물 생활소비재","LS증권"
"주가지수","파생 선물 생활소비재","메리츠"
"주가지수","파생 선물 생활소비재","삼성증권"
"주가지수","파생 선물 에너지화학","LS증권"
"주가지수","파생 선물 에너지화학","신영증권"
"주가지수","파생 선물 에너지화학","한국증권"
"주가지수","파생 선물 정보기술","iM증권"
"주가지수","파생 선물 정보기술","키움증권"
"주가지수","파생 선물 정보기술","하나증권"
"주가지수","파생 선물 중공업","SK증권"
"주가지수","파생 선물 중공업","iM증권"
"주가지수","파생 선물 중공업","키움증권"
"주가지수","파생 선물 철강소재","KB증권"
"주가지수","파생 선물 철강소재","iM증권"
"주가지수","파생 선물 철강소재","유진증권"
"주가지수","파생 선물 코리아밸류업지수","KB증권"
"주가지수","파생 선물 코리아밸류업지수","LS증권"
"주가지수","파생 선물 코리아밸류업지수","NH투자증권"
"주가지수","파생 선물 코리아밸류업지수","SK증권"
"주가지수","파생 선물 코리아밸류업지수","대신증권"
"주가지수","파생 선물 코리아밸류업지수","디에스"
"주가지수","파생 선물 코리아밸류업지수","삼성증권"
"주가지수","파생 선물 코리아밸류업지수","신영증권"
"주가지수","파생 선물 코리아밸류업지수","유진증권"
"주가지수","파생 선물 코리아밸류업지수","키움증권"
"주가지수","파생 선물 코리아밸류업지수","하나증권"
"주가지수","파생 선물 코리아밸류업지수","한화투자"
"주가지수","파생 선물 코스닥 글로벌","SK증권"
"주가지수","파생 선물 코스닥 글로벌","iM증권"
"주가지수","파생 선물 코스닥 글로벌","교보증권"
"주가지수","파생 선물 코스닥 글로벌","다올투자증권"
"주가지수","파생 선물 코스닥 글로벌","대신증권"
"주가지수","파생 선물 코스닥 글로벌","디에스"
"주가지수","파생 선물 코스닥 글로벌","신한증권"
"주가지수","파생 선물 코스닥 글로벌","유안타증권"
"주가지수","파생 선물 코스닥 글로벌","유진증권"
"주가지수","파생 선물 코스닥 글로벌","하나증권"
"주가지수","파생 선물 코스닥 글로벌","한국증권"
"주가지수","파생 선물 코스닥 글로벌","한화투자"
"주가지수","파생 선물 코스닥150","KB증권"
"주가지수","파생 선물 코스닥150","LS증권"
"주가지수","파생 선물 코스닥150","NH투자증권"
"주가지수","파생 선물 코스닥150","SK증권"
"주가지수","파생 선물 코스닥150","iM증권"
"주가지수","파생 선물 코스닥150","교보증권"
"주가지수","파생 선물 코스닥150","다올투자증권"
"주가지수","파생 선물 코스닥150","대신증권"
"주가지수","파생 선물 코스닥150","디에스"
"주가지수","파생 선물 코스닥150","메리츠"
"주가지수","파생 선물 코스닥150","삼성증권"
"주가지수","파생 선물 코스닥150","신한증권"
"주가지수","파생 선물 코스닥150","유안타증권"
"주가지수","파생 선물 코스닥150","유진증권"
"주가지수","파생 선물 코스닥150","키움증권"
"주가지수","파생 선물 코스닥150","하나증권"
"주가지수","파생 선물 코스닥150","한국증권"
"주가지수","파생 선물 코스닥150","한화투자"
"주가지수","파생 선물 헬스케어","NH투자증권"
"주가지수","파생 선물 헬스케어","신영증권"
"주가지수","파생 선물 헬스케어","유안타증권"
"주가지수","파생 옵션 미니코스피200","KB증권"
"주가지수","파생 옵션 미니코스피200","LS증권"
"주가지수","파생 옵션 미니코스피200","NH투자증권"
"주가지수","파생 옵션 미니코스피200","SK증권"
"주가지수","파생 옵션 미니코스피200","iM증권"
"주가지수","파생 옵션 미니코스피200","교보증권"
"주가지수","파생 옵션 미니코스피200","대신증권"
"주가지수","파생 옵션 미니코스피200","디에스"
"주가지수","파생 옵션 미니코스피200","메리츠"
"주가지수","파생 옵션 미니코스피200","삼성증권"
"주가지수","파생 옵션 미니코스피200","신한증권"
"주가지수","파생 옵션 미니코스피200","유안타증권"
"주가지수","파생 옵션 미니코스피200","유진증권"
"주가지수","파생 옵션 미니코스피200","키움증권"
"주가지수","파생 옵션 미니코스피200","하나증권"
"주가지수","파생 옵션 미니코스피200","한국증권"
"주가지수","파생 옵션 미니코스피200","한화투자"
"주가지수","파생 옵션 코스닥150","KB증권"
"주가지수","파생 옵션 코스닥150","LS증권"
"주가지수","파생 옵션 코스닥150","NH투자증권"
"주가지수","파생 옵션 코스닥150","삼성증권"
"주가지수","파생 옵션 코스닥150","신영증권"
"주가지수","파생 옵션 코스닥150","한국증권"
"주가지수","파생 옵션 코스닥150","한화투자"
"주가지수","파생 옵션 코스닥150 위클리","교보증권"
"주가지수","파생 옵션 코스닥150 위클리","다올투자증권"
"주가지수","파생 옵션 코스닥150 위클리","대신증권"
"주가지수","파생 옵션 코스닥150 위클리","메리츠"
"주가지수","파생 옵션 코스닥150 위클리","신한증권"
"주가지수","파생 옵션 코스닥150 위클리","유안타증권"
"주가지수","파생 옵션 코스닥150 위클리M","SK증권"
"주가지수","파생 옵션 코스닥150 위클리M","iM증권"
"주가지수","파생 옵션 코스닥150 위클리M","디에스"
"주가지수","파생 옵션 코스닥150 위클리M","유진증권"
"주가지수","파생 옵션 코스닥150 위클리M","키움증권"
"주가지수","파생 옵션 코스닥150 위클리M","하나증권"
"주식/ETF","파생 선물 (주)포스코엠텍","LS증권"
"주식/ETF","파생 선물 (주)포스코엠텍","유진증권"
"주식/ETF","파생 선물 BGF리테일","LS증권"
"주식/ETF","파생 선물 BGF리테일","교보증권"
"주식/ETF","파생 선물 BNK금융지주","신한증권"
"주식/ETF","파생 선물 BNK금융지주","한화투자"
"주식/ETF","파생 선물 CJ","메리츠"
"주식/ETF","파생 선물 CJ","신한증권"
"주식/ETF","파생 선물 CJ ENM","다올투자증권"
"주식/ETF","파생 선물 CJ ENM","디에스"
"주식/ETF","파생 선물 CJ대한통운","메리츠"
"주식/ETF","파생 선물 CJ대한통운","신한증권"
"주식/ETF","파생 선물 CJ제일제당","교보증권"
"주식/ETF","파생 선물 CJ제일제당","키움증권"
"주식/ETF","파생 선물 DB손해보험","삼성증권"
"주식/ETF","파생 선물 DB손해보험","유진증권"
"주식/ETF","파생 선물 DL","교보증권"
"주식/ETF","파생 선물 DL","한화투자"
"주식/ETF","파생 선물 DL이앤씨","SK증권"
"주식/ETF","파생 선물 DL이앤씨","한화투자"
"주식/ETF","파생 선물 ETF KODEX Top5Plus TR","SK증권"
"주식/ETF","파생 선물 ETF KODEX Top5Plus TR","다올투자증권"
"주식/ETF","파생 선물 ETF KODEX 삼성그룹","대신증권"
"주식/ETF","파생 선물 ETF KODEX 삼성그룹","신영증권"
"주식/ETF","파생 선물 ETF PLUS K방산","SK증권"
"주식/ETF","파생 선물 ETF PLUS K방산","다올투자증권"
"주식/ETF","파생 선물 ETF PLUS 고배당주","LS증권"
"주식/ETF","파생 선물 ETF PLUS 고배당주","신한증권"
"주식/ETF","파생 선물 ETF SOL 조선TOP3플러스","교보증권"
"주식/ETF","파생 선물 ETF SOL 조선TOP3플러스","신영증권"
"주식/ETF","파생 선물 ETF TIGER 나스닥100","교보증권"
"주식/ETF","파생 선물 ETF TIGER 나스닥100","신영증권"
"주식/ETF","파생 선물 ETF TIGER 차이나CSI300","iM증권"
"주식/ETF","파생 선물 ETF TIGER 차이나CSI300","유안타증권"
"주식/ETF","파생 선물 ETF TIGER 헬스케어","SK증권"
"주식/ETF","파생 선물 ETF TIGER 헬스케어","교보증권"
"주식/ETF","파생 선물 F&F","iM증권"
"주식/ETF","파생 선물 F&F","유진증권"
"주식/ETF","파생 선물 GKL","교보증권"
"주식/ETF","파생 선물 GKL","신영증권"
"주식/ETF","파생 선물 GS","NH투자증권"
"주식/ETF","파생 선물 GS","신영증권"
"주식/ETF","파생 선물 GS건설","KB증권"
"주식/ETF","파생 선물 GS건설","한국증권"
"주식/ETF","파생 선물 GS리테일","KB증권"
"주식/ETF","파생 선물 GS리테일","교보증권"
"주식/ETF","파생 선물 HDC","LS증권"
"주식/ETF","파생 선물 HDC","NH투자증권"
"주식/ETF","파생 선물 HD현대","LS증권"
"주식/ETF","파생 선물 HD현대","키움증권"
"주식/ETF","파생 선물 HK이노엔","메리츠"
"주식/ETF","파생 선물 HK이노엔","유진증권"
"주식/ETF","파생 선물 HL만도","메리츠"
"주식/ETF","파생 선물 HL만도","신영증권"
"주식/ETF","파생 선물 HMM","신한증권"
"주식/ETF","파생 선물 HMM","하나증권"
"주식/ETF","파생 선물 JB금융지주","iM증권"
"주식/ETF","파생 선물 JB금융지주","한화투자"
"주식/ETF","파생 선물 JYP Ent","LS증권"
"주식/ETF","파생 선물 JYP Ent","SK증권"
"주식/ETF","파생 선물 KB금융","교보증권"
"주식/ETF","파생 선물 KB금융","대신증권"
"주식/ETF","파생 선물 KCC","iM증권"
"주식/ETF","파생 선물 KCC","메리츠"
"주식/ETF","파생 선물 KG모빌리티","메리츠"
"주식/ETF","파생 선물 KG모빌리티","키움증권"
"주식/ETF","파생 선물 KT","디에스"
"주식/ETF","파생 선물 KT","키움증권"
"주식/ETF","파생 선물 LG","KB증권"
"주식/ETF","파생 선물 LG","NH투자증권"
"주식/ETF","파생 선물 LG디스플레이","교보증권"
"주식/ETF","파생 선물 LG디스플레이","디에스"
"주식/ETF","파생 선물 LG생활건강","메리츠"
"주식/ETF","파생 선물 LG생활건강","신영증권"
"주식/ETF","파생 선물 LG에너지솔루션","유안타증권"
"주식/ETF","파생 선물 LG에너지솔루션","한화투자"
"주식/ETF","파생 선물 LG유플러스","NH투자증권"
"주식/ETF","파생 선물 LG유플러스","유안타증권"
"주식/ETF","파생 선물 LG이노텍","대신증권"
"주식/ETF","파생 선물 LG이노텍","신한증권"
"주식/ETF","파생 선물 LG전자","디에스"
"주식/ETF","파생 선물 LG전자","키움증권"
"주식/ETF","파생 선물 LG화학","메리츠"
"주식/ETF","파생 선물 LG화학","유진증권"
"주식/ETF","파생 선물 LIG넥스원","신영증권"
"주식/ETF","파생 선물 LIG넥스원","유안타증권"
"주식/ETF","파생 선물 LS","디에스"
"주식/ETF","파생 선물 LS","메리츠"
"주식/ETF","파생 선물 LS ELECTRIC","iM증권"
"주식/ETF","파생 선물 LS ELECTRIC","다올투자증권"
"주식/ETF","파생 선물 NAVER","KB증권"
"주식/ETF","파생 선물 NAVER","LS증권"
"주식/ETF","파생 선물 NH투자증권","iM증권"
"주식/ETF","파생 선물 NH투자증권","유진증권"
"주식/ETF","파생 선물 OCI","대신증권"
"주식/ETF","파생 선물 OCI","유안타증권"
"주식/ETF","파생 선물 POSCO 홀딩스","SK증권"
"주식/ETF","파생 선물 POSCO 홀딩스","유진증권"
"주식/ETF","파생 선물 S-Oil","유안타증권"
"주식/ETF","파생 선물 S-Oil","하나증권"
"주식/ETF","파생 선물 SFA반도체","신영증권"
"주식/ETF","파생 선물 SFA반도체","신한증권"
"주식/ETF","파생 선물 SK","다올투자증권"
"주식/ETF","파생 선물 SK","키움증권"
"주식/ETF","파생 선물 SKC","NH투자증권"
"주식/ETF","파생 선물 SKC","신한증권"
"주식/ETF","파생 선물 SK바이오사이언스","교보증권"
"주식/ETF","파생 선물 SK바이오사이언스","키움증권"
"주식/ETF","파생 선물 SK바이오팜","하나증권"
"주식/ETF","파생 선물 SK바이오팜","한화투자"
"주식/ETF","파생 선물 SK스퀘어","유진증권"
"주식/ETF","파생 선물 SK스퀘어","한화투자"
"주식/ETF","파생 선물 SK아이이테크놀로지","KB증권"
"주식/ETF","파생 선물 SK아이이테크놀로지","신한증권"
"주식/ETF","파생 선물 SK이노베이션","SK증권"
"주식/ETF","파생 선물 SK이노베이션","대신증권"
"주식/ETF","파생 선물 SK케미칼","디에스"
"주식/ETF","파생 선물 SK케미칼","한화투자"
"주식/ETF","파생 선물 SK텔레콤","KB증권"
"주식/ETF","파생 선물 SK텔레콤","하나증권"
"주식/ETF","파생 선물 SK하이닉스","메리츠"
"주식/ETF","파생 선물 SK하이닉스","삼성증권"
"주식/ETF","파생 선물 TCC스틸","NH투자증권"
"주식/ETF","파생 선물 TCC스틸","하나증권"
"주식/ETF","파생 선물 강원랜드","SK증권"
"주식/ETF","파생 선물 강원랜드","교보증권"
"주식/ETF","파생 선물 고려아연","iM증권"
"주식/ETF","파생 선물 고려아연","하나증권"
"주식/ETF","파생 선물 고영","NH투자증권"
"주식/ETF","파생 선물 고영","교보증권"
"주식/ETF","파생 선물 골프존","메리츠"
"주식/ETF","파생 선물 골프존","삼성증권"
"주식/ETF","파생 선물 금호석유화학","신영증권"
"주식/ETF","파생 선물 금호석유화학","하나증권"
"주식/ETF","파생 선물 금호타이어","유안타증권"
"주식/ETF","파생 선물 금호타이어","하나증권"
"주식/ETF","파생 선물 기아","KB증권"
"주식/ETF","파생 선물 기아","신한증권"
"주식/ETF","파생 선물 기업은행","SK증권"
"주식/ETF","파생 선물 기업은행","교보증권"
"주식/ETF","파생 선물 넥스틴","다올투자증권"
"주식/ETF","파생 선물 넥스틴","한화투자"
"주식/ETF","파생 선물 넷마블","신영증권"
"주식/ETF","파생 선물 넷마블","한국증권"
"주식/ETF","파생 선물 녹십자","삼성증권"
"주식/ETF","파생 선물 녹십자","한국증권"
"주식/ETF","파생 선물 녹십자홀딩스","메리츠"
"주식/ETF","파생 선물 녹십자홀딩스","삼성증권"
"주식/ETF","파생 선물 농심","다올투자증권"
"주식/ETF","파생 선물 농심","유안타증권"
"주식/ETF","파생 선물 대상","대신증권"
"주식/ETF","파생 선물 대상","메리츠"
"주식/ETF","파생 선물 대우건설","신영증권"
"주식/ETF","파생 선물 대우건설","한화투자"
"주식/ETF","파생 선물 대웅","대신증권"
"주식/ETF","파생 선물 대웅","키움증권"
"주식/ETF","파생 선물 대웅제약","메리츠"
"주식/ETF","파생 선물 대웅제약","한국증권"
"주식/ETF","파생 선물 대한유화","다올투자증권"
"주식/ETF","파생 선물 대한유화","신한증권"
"주식/ETF","파생 선물 대한전선","대신증권"
"주식/ETF","파생 선물 대한전선","유진증권"
"주식/ETF","파생 선물 대한항공","신영증권"
"주식/ETF","파생 선물 대한항공","유안타증권"
"주식/ETF","파생 선물 더블유게임즈","대신증권"
"주식/ETF","파생 선물 더블유게임즈","유진증권"
"주식/ETF","파생 선물 더블유씨피","LS증권"
"주식/ETF","파생 선물 더블유씨피","신한증권"
"주식/ETF","파생 선물 덕산네오룩스","다올투자증권"
"주식/ETF","파생 선물 덕산네오룩스","한화투자"
"주식/ETF","파생 선물 덴티움","KB증권"
"주식/ETF","파생 선물 덴티움","하나증권"
"주식/ETF","파생 선물 동국제약","NH투자증권"
"주식/ETF","파생 선물 동국제약","삼성증권"
"주식/ETF","파생 선물 동서","대신증권"
"주식/ETF","파생 선물 동서","키움증권"
"주식/ETF","파생 선물 동원산업","iM증권"
"주식/ETF","파생 선물 동원산업","교보증권"
"주식/ETF","파생 선물 동원시스템즈","삼성증권"
"주식/ETF","파생 선물 동원시스템즈","유진증권"
"주식/ETF","파생 선물 동진쎄미켐","LS증권"
"주식/ETF","파생 선물 동진쎄미켐","신영증권"
"주식/ETF","파생 선물 동화기업","삼성증권"
"주식/ETF","파생 선물 동화기업","하나증권"
"주식/ETF","파생 선물 두산","메리츠"
"주식/ETF","파생 선물 두산","하나증권"
"주식/ETF","파생 선물 두산로보틱스","KB증권"
"주식/ETF","파생 선물 두산로보틱스","한국증권"
"주식/ETF","파생 선물 두산밥캣","SK증권"
"주식/ETF","파생 선물 두산밥캣","신영증권"
"주식/ETF","파생 선물 두산에너빌리티","삼성증권"
"주식/ETF","파생 선물 두산에너빌리티","신영증권"
"주식/ETF","파생 선물 두산테스나","다올투자증권"
"주식/ETF","파생 선물 두산테스나","한국증권"
"주식/ETF","파생 선물 디엔오토모티브","대신증권"
"주식/ETF","파생 선물 디엔오토모티브","한국증권"
"주식/ETF","파생 선물 롯데쇼핑","KB증권"
"주식/ETF","파생 선물 롯데쇼핑","iM증권"
"주식/ETF","파생 선물 롯데웰푸드","NH투자증권"
"주식/ETF","파생 선물 롯데웰푸드","삼성증권"
"주식/ETF","파생 선물 롯데정밀화학","iM증권"
"주식/ETF","파생 선물 롯데정밀화학","디에스"
"주식/ETF","파생 선물 롯데지주","다올투자증권"
"주식/ETF","파생 선물 롯데지주","유진증권"
"주식/ETF","파생 선물 롯데칠성음료","LS증권"
"주식/ETF","파생 선물 롯데칠성음료","신한증권"
"주식/ETF","파생 선물 롯데케미칼","SK증권"
"주식/ETF","파생 선물 롯데케미칼","디에스"
"주식/ETF","파생 선물 리가켐바이오사이언스","디에스"
"주식/ETF","파생 선물 리가켐바이오사이언스","한국증권"
"주식/ETF","파생 선물 리노공업","교보증권"
"주식/ETF","파생 선물 리노공업","한국증권"
"주식/ETF","파생 선물 메가스터디교육","KB증권"
"주식/ETF","파생 선물 메가스터디교육","NH투자증권"
"주식/ETF","파생 선물 메디톡스","LS증권"
"주식/ETF","파생 선물 메디톡스","삼성증권"
"주식/ETF","파생 선물 메리츠금융지주","NH투자증권"
"주식/ETF","파생 선물 메리츠금융지주","신한증권"
"주식/ETF","파생 선물 미래에셋증권","iM증권"
"주식/ETF","파생 선물 미래에셋증권","대신증권"
"주식/ETF","파생 선물 미스토홀딩스","다올투자증권"
"주식/ETF","파생 선물 미스토홀딩스","유안타증권"
"주식/ETF","파생 선물 미원상사","삼성증권"
"주식/ETF","파생 선물 미원상사","신한증권"
"주식/ETF","파생 선물 미원스페셜티케미칼","NH투자증권"
"주식/ETF","파생 선물 미원스페셜티케미칼","한화투자"
"주식/ETF","파생 선물 삼성E&A","SK증권"
"주식/ETF","파생 선물 삼성E&A","대신증권"
"주식/ETF","파생 선물 삼성SDI","KB증권"
"주식/ETF","파생 선물 삼성SDI","LS증권"
"주식/ETF","파생 선물 삼성SDS","SK증권"
"주식/ETF","파생 선물 삼성SDS","신한증권"
"주식/ETF","파생 선물 삼성물산","유안타증권"
"주식/ETF","파생 선물 삼성물산","키움증권"
"주식/ETF","파생 선물 삼성바이오로직스","iM증권"
"주식/ETF","파생 선물 삼성바이오로직스","키움증권"
"주식/ETF","파생 선물 삼성생명","KB증권"
"주식/ETF","파생 선물 삼성생명","NH투자증권"
"주식/ETF","파생 선물 삼성전기","iM증권"
"주식/ETF","파생 선물 삼성전기","한화투자"
"주식/ETF","파생 선물 삼성전자","LS증권"
"주식/ETF","파생 선물 삼성전자","한국증권"
"주식/ETF","파생 선물 삼성중공업","신영증권"
"주식/ETF","파생 선물 삼성중공업","한국증권"
"주식/ETF","파생 선물 삼성증권","유안타증권"
"주식/ETF","파생 선물 삼성증권","한화투자"
"주식/ETF","파생 선물 삼성카드","KB증권"
"주식/ETF","파생 선물 삼성카드","신한증권"
"주식/ETF","파생 선물 삼성화재","디에스"
"주식/ETF","파생 선물 삼성화재","하나증권"
"주식/ETF","파생 선물 삼양식품","신영증권"
"주식/ETF","파생 선물 삼양식품","하나증권"
"주식/ETF","파생 선물 삼천당제약","삼성증권"
"주식/ETF","파생 선물 삼천당제약","유진증권"
"주식/ETF","파생 선물 서울반도체","메리츠"
"주식/ETF","파생 선물 서울반도체","삼성증권"
"주식/ETF","파생 선물 세방전지","SK증권"
"주식/ETF","파생 선물 세방전지","유안타증권"
"주식/ETF","파생 선물 세아베스틸지주","메리츠"
"주식/ETF","파생 선물 세아베스틸지주","신영증권"
"주식/ETF","파생 선물 세아제강지주","NH투자증권"
"주식/ETF","파생 선물 세아제강지주","한화투자"
"주식/ETF","파생 선물 셀트리온","iM증권"
"주식/ETF","파생 선물 셀트리온","대신증권"
"주식/ETF","파생 선물 솔브레인","iM증권"
"주식/ETF","파생 선물 솔브레인","키움증권"
"주식/ETF","파생 선물 솔브레인홀딩스","KB증권"
"주식/ETF","파생 선물 솔브레인홀딩스","LS증권"
"주식/ETF","파생 선물 숲","교보증권"
"주식/ETF","파생 선물 숲","한화투자"
"주식/ETF","파생 선물 스튜디오드래곤","iM증권"
"주식/ETF","파생 선물 스튜디오드래곤","디에스"
"주식/ETF","파생 선물 신세계","삼성증권"
"주식/ETF","파생 선물 신세계","키움증권"
"주식/ETF","파생 선물 신한지주","SK증권"
"주식/ETF","파생 선물 신한지주","대신증권"
"주식/ETF","파생 선물 심텍","디에스"
"주식/ETF","파생 선물 심텍","유진증권"
"주식/ETF","파생 선물 씨아이에스","삼성증권"
"주식/ETF","파생 선물 씨아이에스","하나증권"
"주식/ETF","파생 선물 씨에스윈드","iM증권"
"주식/ETF","파생 선물 씨에스윈드","대신증권"
"주식/ETF","파생 선물 씨젠","신영증권"
"주식/ETF","파생 선물 씨젠","한국증권"
"주식/ETF","파생 선물 아모레퍼시픽","교보증권"
"주식/ETF","파생 선물 아모레퍼시픽","한국증권"
"주식/ETF","파생 선물 아모레퍼시픽홀딩스","iM증권"
"주식/ETF","파생 선물 아모레퍼시픽홀딩스","신한증권"
"주식/ETF","파생 선물 아이에스시","교보증권"
"주식/ETF","파생 선물 아이에스시","다올투자증권"
"주식/ETF","파생 선물 아이엠금융지주","유안타증권"
"주식/ETF","파생 선물 아이엠금융지주","한화투자"
"주식/ETF","파생 선물 아이티엠반도체","NH투자증권"
"주식/ETF","파생 선물 아이티엠반도체","유진증권"
"주식/ETF","파생 선물 알테오젠","NH투자증권"
"주식/ETF","파생 선물 알테오젠","교보증권"
"주식/ETF","파생 선물 에스디바이오센서","LS증권"
"주식/ETF","파생 선물 에스디바이오센서","신한증권"
"주식/ETF","파생 선물 에스에프에이","대신증권"
"주식/ETF","파생 선물 에스에프에이","키움증권"
"주식/ETF","파생 선물 에스엘","SK증권"
"주식/ETF","파생 선물 에스엘","유안타증권"
"주식/ETF","파생 선물 에스엠","LS증권"
"주식/ETF","파생 선물 에스엠","대신증권"
"주식/ETF","파생 선물 에스원","SK증권"
"주식/ETF","파생 선물 에스원","유안타증권"
"주식/ETF","파생 선물 에스티팜","디에스"
"주식/ETF","파생 선물 에스티팜","유진증권"
"주식/ETF","파생 선물 에이치디한국조선해양","SK증권"
"주식/ETF","파생 선물 에이치디한국조선해양","다올투자증권"
"주식/ETF","파생 선물 에이치디현대마린솔루션","iM증권"
"주식/ETF","파생 선물 에이치디현대마린솔루션","키움증권"
"주식/ETF","파생 선물 에이치디현대일렉트릭","iM증권"
"주식/ETF","파생 선물 에이치디현대일렉트릭","유진증권"
"주식/ETF","파생 선물 에이치디현대중공업","iM증권"
"주식/ETF","파생 선물 에이치디현대중공업","한국증권"
"주식/ETF","파생 선물 에이치에스효성첨단소재","KB증권"
"주식/ETF","파생 선물 에이치에스효성첨단소재","메리츠"
"주식/ETF","파생 선물 에이치피에스피","NH투자증권"
"주식/ETF","파생 선물 에이치피에스피","한국증권"
"주식/ETF","파생 선물 에이피알","다올투자증권"
"주식/ETF","파생 선물 에이피알","키움증권"
"주식/ETF","파생 선물 에코프로","삼성증권"
"주식/ETF","파생 선물 에코프로","한국증권"
"주식/ETF","파생 선물 에코프로머티","대신증권"
"주식/ETF","파생 선물 에코프로머티","키움증권"
"주식/ETF","파생 선물 에코프로비엠","교보증권"
"주식/ETF","파생 선물 에코프로비엠","신한증권"
"주식/ETF","파생 선물 에코프로에이치엔","유안타증권"
"주식/ETF","파생 선물 에코프로에이치엔","한국증권"
"주식/ETF","파생 선물 엔씨소프트","LS증권"
"주식/ETF","파생 선물 엔씨소프트","삼성증권"
"주식/ETF","파생 선물 엘앤에프","삼성증권"
"주식/ETF","파생 선물 엘앤에프","신한증권"
"주식/ETF","파생 선물 영원무역","디에스"
"주식/ETF","파생 선물 영원무역","하나증권"
"주식/ETF","파생 선물 영원무역홀딩스","디에스"
"주식/ETF","파생 선물 영원무역홀딩스","하나증권"
"주식/ETF","파생 선물 영풍","신영증권"
"주식/ETF","파생 선물 영풍","한국증권"
"주식/ETF","파생 선물 오뚜기","SK증권"
"주식/ETF","파생 선물 오뚜기","다올투자증권"
"주식/ETF","파생 선물 오리온","대신증권"
"주식/ETF","파생 선물 오리온","유안타증권"
"주식/ETF","파생 선물 오리온홀딩스","하나증권"
"주식/ETF","파생 선물 오리온홀딩스","한국증권"
"주식/ETF","파생 선물 오씨아이홀딩스","LS증권"
"주식/ETF","파생 선물 오씨아이홀딩스","하나증권"
"주식/ETF","파생 선물 와이지엔터","메리츠"
"주식/ETF","파생 선물 와이지엔터","삼성증권"
"주식/ETF","파생 선물 우리금융지주","유안타증권"
"주식/ETF","파생 선물 우리금융지주","한화투자"
"주식/ETF","파생 선물 원익IPS","다올투자증권"
"주식/ETF","파생 선물 원익IPS","한국증권"
"주식/ETF","파생 선물 원익큐엔씨","유진증권"
"주식/ETF","파생 선물 원익큐엔씨","키움증권"
"주식/ETF","파생 선물 웹젠","LS증권"
"주식/ETF","파생 선물 웹젠","유진증권"
"주식/ETF","파생 선물 위메이드","유안타증권"
"주식/ETF","파생 선물 위메이드","유진증권"
"주식/ETF","파생 선물 유진테크","하나증권"
"주식/ETF","파생 선물 유진테크","한국증권"
"주식/ETF","파생 선물 유한양행","대신증권"
"주식/ETF","파생 선물 유한양행","디에스"
"주식/ETF","파생 선물 율촌화학","한국증권"
"주식/ETF","파생 선물 율촌화학","한화투자"
"주식/ETF","파생 선물 이녹스첨단소재","다올투자증권"
"주식/ETF","파생 선물 이녹스첨단소재","한화투자"
"주식/ETF","파생 선물 이마트","NH투자증권"
"주식/ETF","파생 선물 이마트","디에스"
"주식/ETF","파생 선물 이수스페셜티케미컬","NH투자증권"
"주식/ETF","파생 선물 이수스페셜티케미컬","키움증권"
"주식/ETF","파생 선물 이오테크닉스","LS증권"
"주식/ETF","파생 선물 이오테크닉스","다올투자증권"
"주식/ETF","파생 선물 제일기획","유안타증권"
"주식/ETF","파생 선물 제일기획","키움증권"
"주식/ETF","파생 선물 종근당","SK증권"
"주식/ETF","파생 선물 종근당","교보증권"
"주식/ETF","파생 선물 주성엔지니어링","SK증권"
"주식/ETF","파생 선물 주성엔지니어링","키움증권"
"주식/ETF","파생 선물 지역난방공사","iM증권"
"주식/ETF","파생 선물 지역난방공사","교보증권"
"주식/ETF","파생 선물 카카오","다올투자증권"
"주식/ETF","파생 선물 카카오","한화투자"
"주식/ETF","파생 선물 카카오게임즈","LS증권"
"주식/ETF","파생 선물 카카오게임즈","삼성증권"
"주식/ETF","파생 선물 카카오뱅크","SK증권"
"주식/ETF","파생 선물 카카오뱅크","디에스"
"주식/ETF","파생 선물 카카오페이","유안타증권"
"주식/ETF","파생 선물 카카오페이","한화투자"
"주식/ETF","파생 선물 컴투스","SK증권"
"주식/ETF","파생 선물 컴투스","한국증권"
"주식/ETF","파생 선물 케이티앤지","메리츠"
"주식/ETF","파생 선물 케이티앤지","하나증권"
"주식/ETF","파생 선물 코미코","유진증권"
"주식/ETF","파생 선물 코미코","하나증권"
"주식/ETF","파생 선물 코스맥스","디에스"
"주식/ETF","파생 선물 코스맥스","유안타증권"
"주식/ETF","파생 선물 코스모화학","LS증권"
"주식/ETF","파생 선물 코스모화학","삼성증권"
"주식/ETF","파생 선물 코오롱인더스트리","유진증권"
"주식/ETF","파생 선물 코오롱인더스트리","한화투자"
"주식/ETF","파생 선물 코웨이","iM증권"
"주식/ETF","파생 선물 코웨이","삼성증권"
"주식/ETF","파생 선물 콜마비앤에이치","NH투자증권"
"주식/ETF","파생 선물 콜마비앤에이치","삼성증권"
"주식/ETF","파생 선물 크래프톤","KB증권"
"주식/ETF","파생 선물 크래프톤","유진증권"
"주식/ETF","파생 선물 클래시스","교보증권"
"주식/ETF","파생 선물 클래시스","디에스"
"주식/ETF","파생 선물 키움증권","KB증권"
"주식/ETF","파생 선물 키움증권","대신증권"
"주식/ETF","파생 선물 태광산업","LS증권"
"주식/ETF","파생 선물 태광산업","키움증권"
"주식/ETF","파생 선물 티씨케이","LS증권"
"주식/ETF","파생 선물 티씨케이","메리츠"
"주식/ETF","파생 선물 티케이지휴켐스","NH투자증권"
"주식/ETF","파생 선물 티케이지휴켐스","신한증권"
"주식/ETF","파생 선물 파마리서치","메리츠"
"주식/ETF","파생 선물 파마리서치","신영증권"
"주식/ETF","파생 선물 파크시스템스","iM증권"
"주식/ETF","파생 선물 파크시스템스","다올투자증권"
"주식/ETF","파생 선물 파트론","KB증권"
"주식/ETF","파생 선물 파트론","디에스"
"주식/ETF","파생 선물 팬오션","신영증권"
"주식/ETF","파생 선물 팬오션","한국증권"
"주식/ETF","파생 선물 펄어비스","유진증권"
"주식/ETF","파생 선물 펄어비스","한화투자"
"주식/ETF","파생 선물 포스코DX","키움증권"
"주식/ETF","파생 선물 포스코DX","하나증권"
"주식/ETF","파생 선물 포스코인터내셔널","교보증권"
"주식/ETF","파생 선물 포스코인터내셔널","유안타증권"
"주식/ETF","파생 선물 포스코퓨처엠","다올투자증권"
"주식/ETF","파생 선물 포스코퓨처엠","한국증권"
"주식/ETF","파생 선물 풍산","KB증권"
"주식/ETF","파생 선물 풍산","메리츠"
"주식/ETF","파생 선물 피에스케이","NH투자증권"
"주식/ETF","파생 선물 피에스케이","다올투자증권"
"주식/ETF","파생 선물 피엔티","NH투자증권"
"주식/ETF","파생 선물 피엔티","디에스"
"주식/ETF","파생 선물 하나금융지주","신영증권"
"주식/ETF","파생 선물 하나금융지주","유안타증권"
"주식/ETF","파생 선물 하나머티리얼즈","하나증권"
"주식/ETF","파생 선물 하나머티리얼즈","한화투자"
"주식/ETF","파생 선물 하나투어","SK증권"
"주식/ETF","파생 선물 하나투어","한국증권"
"주식/ETF","파생 선물 하림지주","메리츠"
"주식/ETF","파생 선물 하림지주","한화투자"
"주식/ETF","파생 선물 하이브","SK증권"
"주식/ETF","파생 선물 하이브","대신증권"
"주식/ETF","파생 선물 하이트진로","신영증권"
"주식/ETF","파생 선물 하이트진로","신한증권"
"주식/ETF","파생 선물 한국가스","교보증권"
"주식/ETF","파생 선물 한국가스","유안타증권"
"주식/ETF","파생 선물 한국금융지주","NH투자증권"
"주식/ETF","파생 선물 한국금융지주","신한증권"
"주식/ETF","파생 선물 한국앤컴퍼니","KB증권"
"주식/ETF","파생 선물 한국앤컴퍼니","iM증권"
"주식/ETF","파생 선물 한국전력","교보증권"
"주식/ETF","파생 선물 한국전력","신영증권"
"주식/ETF","파생 선물 한국카본","KB증권"
"주식/ETF","파생 선물 한국카본","다올투자증권"
"주식/ETF","파생 선물 한국콜마","KB증권"
"주식/ETF","파생 선물 한국콜마","SK증권"
"주식/ETF","파생 선물 한국타이어앤테크놀로지","디에스"
"주식/ETF","파생 선물 한국타이어앤테크놀로지","신영증권"
"주식/ETF","파생 선물 한국항공우주","LS증권"
"주식/ETF","파생 선물 한국항공우주","한화투자"
"주식/ETF","파생 선물 한글과컴퓨터","유진증권"
"주식/ETF","파생 선물 한글과컴퓨터","키움증권"
"주식/ETF","파생 선물 한미반도체","NH투자증권"
"주식/ETF","파생 선물 한미반도체","유안타증권"
"주식/ETF","파생 선물 한미사이언스","신한증권"
"주식/ETF","파생 선물 한미사이언스","한화투자"
"주식/ETF","파생 선물 한미약품","SK증권"
"주식/ETF","파생 선물 한미약품","디에스"
"주식/ETF","파생 선물 한샘","대신증권"
"주식/ETF","파생 선물 한샘","디에스"
"주식/ETF","파생 선물 한솔케미칼","다올투자증권"
"주식/ETF","파생 선물 한솔케미칼","키움증권"
"주식/ETF","파생 선물 한온시스템","디에스"
"주식/ETF","파생 선물 한온시스템","신영증권"
"주식/ETF","파생 선물 한올바이오파마","교보증권"
"주식/ETF","파생 선물 한올바이오파마","대신증권"
"주식/ETF","파생 선물 한일시멘트","KB증권"
"주식/ETF","파생 선물 한일시멘트","신영증권"
"주식/ETF","파생 선물 한전KPS","키움증권"
"주식/ETF","파생 선물 한전KPS","한국증권"
"주식/ETF","파생 선물 한전기술","디에스"
"주식/ETF","파생 선물 한전기술","삼성증권"
"주식/ETF","파생 선물 한진칼","LS증권"
"주식/ETF","파생 선물 한진칼","신한증권"
"주식/ETF","파생 선물 한화","삼성증권"
"주식/ETF","파생 선물 한화","유안타증권"
"주식/ETF","파생 선물 한화비전","NH투자증권"
"주식/ETF","파생 선물 한화비전","다올투자증권"
"주식/ETF","파생 선물 한화생명","KB증권"
"주식/ETF","파생 선물 한화생명","대신증권"
"주식/ETF","파생 선물 한화솔루션","SK증권"
"주식/ETF","파생 선물 한화솔루션","iM증권"
"주식/ETF","파생 선물 한화시스템","다올투자증권"
"주식/ETF","파생 선물 한화시스템","유진증권"
"주식/ETF","파생 선물 한화에어로스페이스","iM증권"
"주식/ETF","파생 선물 한화에어로스페이스","다올투자증권"
"주식/ETF","파생 선물 한화오션","KB증권"
"주식/ETF","파생 선물 한화오션","메리츠"
"주식/ETF","파생 선물 현대건설","iM증권"
"주식/ETF","파생 선물 현대건설","유진증권"
"주식/ETF","파생 선물 현대글로비스","삼성증권"
"주식/ETF","파생 선물 현대글로비스","하나증권"
"주식/ETF","파생 선물 현대로템","LS증권"
"주식/ETF","파생 선물 현대로템","NH투자증권"
"주식/ETF","파생 선물 현대모비스","메리츠"
"주식/ETF","파생 선물 현대모비스","삼성증권"
"주식/ETF","파생 선물 현대백화점","LS증권"
"주식/ETF","파생 선물 현대백화점","신한증권"
"주식/ETF","파생 선물 현대엘리베이터","교보증권"
"주식/ETF","파생 선물 현대엘리베이터","하나증권"
"주식/ETF","파생 선물 현대위아","KB증권"
"주식/ETF","파생 선물 현대위아","대신증권"
"주식/ETF","파생 선물 현대제철","디에스"
"주식/ETF","파생 선물 현대제철","키움증권"
"주식/ETF","파생 선물 현대차","메리츠"
"주식/ETF","파생 선물 현대차","한화투자"
"주식/ETF","파생 선물 현대해상","메리츠"
"주식/ETF","파생 선물 현대해상","신한증권"
"주식/ETF","파생 선물 호텔신라","대신증권"
"주식/ETF","파생 선물 호텔신라","하나증권"
"주식/ETF","파생 선물 효성중공업","NH투자증권"
"주식/ETF","파생 선물 효성중공업","하나증권"
"주식/ETF","파생 선물 효성티앤씨","유안타증권"
"주식/ETF","파생 선물 효성티앤씨","하나증권"
"주식/ETF","파생 선물 후성","KB증권"
"주식/ETF","파생 선물 후성","유진증권"
"주식/ETF","파생 선물 휴젤","키움증권"
"주식/ETF","파생 선물 휴젤","한국증권"
"주식/ETF","파생 옵션 HMM","신한증권"
"주식/ETF","파생 옵션 HMM","하나증권"
"주식/ETF","파생 옵션 KB금융","교보증권"
"주식/ETF","파생 옵션 KB금융","대신증권"
"주식/ETF","파생 옵션 KT","디에스"
"주식/ETF","파생 옵션 KT","키움증권"
"주식/ETF","파생 옵션 LG디스플레이","교보증권"
"주식/ETF","파생 옵션 LG디스플레이","디에스"
"주식/ETF","파생 옵션 LG생활건강","메리츠"
"주식/ETF","파생 옵션 LG생활건강","신영증권"
"주식/ETF","파생 옵션 LG에너지솔루션","유안타증권"
"주식/ETF","파생 옵션 LG에너지솔루션","한화투자"
"주식/ETF","파생 옵션 LG유플러스","NH투자증권"
"주식/ETF","파생 옵션 LG유플러스","유안타증권"
"주식/ETF","파생 옵션 LG이노텍","대신증권"
"주식/ETF","파생 옵션 LG이노텍","신한증권"
"주식/ETF","파생 옵션 LG전자","디에스"
"주식/ETF","파생 옵션 LG전자","키움증권"
"주식/ETF","파생 옵션 LG화학","메리츠"
"주식/ETF","파생 옵션 LG화학","유진증권"
"주식/ETF","파생 옵션 LS ELECTRIC","iM증권"
"주식/ETF","파생 옵션 LS ELECTRIC","다올투자증권"
"주식/ETF","파생 옵션 NAVER","KB증권"
"주식/ETF","파생 옵션 NAVER","LS증권"
"주식/ETF","파생 옵션 POSCO 홀딩스","SK증권"
"주식/ETF","파생 옵션 POSCO 홀딩스","유진증권"
"주식/ETF","파생 옵션 SK바이오사이언스","교보증권"
"주식/ETF","파생 옵션 SK바이오사이언스","키움증권"
"주식/ETF","파생 옵션 SK이노베이션","SK증권"
"주식/ETF","파생 옵션 SK이노베이션","대신증권"
"주식/ETF","파생 옵션 SK텔레콤","KB증권"
"주식/ETF","파생 옵션 SK텔레콤","하나증권"
"주식/ETF","파생 옵션 SK하이닉스","메리츠"
"주식/ETF","파생 옵션 SK하이닉스","삼성증권"
"주식/ETF","파생 옵션 기아","KB증권"
"주식/ETF","파생 옵션 기아","신한증권"
"주식/ETF","파생 옵션 넷마블","신영증권"
"주식/ETF","파생 옵션 넷마블","한국증권"
"주식/ETF","파생 옵션 두산에너빌리티","삼성증권"
"주식/ETF","파생 옵션 두산에너빌리티","신영증권"
"주식/ETF","파생 옵션 메리츠금융지주","NH투자증권"
"주식/ETF","파생 옵션 메리츠금융지주","신한증권"
"주식/ETF","파생 옵션 미래에셋증권","iM증권"
"주식/ETF","파생 옵션 미래에셋증권","대신증권"
"주식/ETF","파생 옵션 삼성SDI","KB증권"
"주식/ETF","파생 옵션 삼성SDI","LS증권"
"주식/ETF","파생 옵션 삼성SDS","SK증권"
"주식/ETF","파생 옵션 삼성SDS","신한증권"
"주식/ETF","파생 옵션 삼성물산","유안타증권"
"주식/ETF","파생 옵션 삼성물산","키움증권"
"주식/ETF","파생 옵션 삼성바이오로직스","iM증권"
"주식/ETF","파생 옵션 삼성바이오로직스","키움증권"
"주식/ETF","파생 옵션 삼성생명","KB증권"
"주식/ETF","파생 옵션 삼성생명","NH투자증권"
"주식/ETF","파생 옵션 삼성전기","iM증권"
"주식/ETF","파생 옵션 삼성전기","한화투자"
"주식/ETF","파생 옵션 삼성전자","LS증권"
"주식/ETF","파생 옵션 삼성전자","한국증권"
"주식/ETF","파생 옵션 삼성중공업","신영증권"
"주식/ETF","파생 옵션 삼성중공업","한국증권"
"주식/ETF","파생 옵션 삼성화재해상보험","디에스"
"주식/ETF","파생 옵션 삼성화재해상보험","하나증권"
"주식/ETF","파생 옵션 셀트리온","iM증권"
"주식/ETF","파생 옵션 셀트리온","대신증권"
"주식/ETF","파생 옵션 신한지주","SK증권"
"주식/ETF","파생 옵션 신한지주","대신증권"
"주식/ETF","파생 옵션 아모레퍼시픽","교보증권"
"주식/ETF","파생 옵션 아모레퍼시픽","한국증권"
"주식/ETF","파생 옵션 알테오젠","NH투자증권"
"주식/ETF","파생 옵션 알테오젠","교보증권"
"주식/ETF","파생 옵션 에이치디한국조선해양","SK증권"
"주식/ETF","파생 옵션 에이치디한국조선해양","다올투자증권"
"주식/ETF","파생 옵션 에이치디현대일렉트릭","iM증권"
"주식/ETF","파생 옵션 에이치디현대일렉트릭","유진증권"
"주식/ETF","파생 옵션 에이치디현대중공업","iM증권"
"주식/ETF","파생 옵션 에이치디현대중공업","한국증권"
"주식/ETF","파생 옵션 에코프로비엠","교보증권"
"주식/ETF","파생 옵션 에코프로비엠","신한증권"
"주식/ETF","파생 옵션 엔씨소프트","LS증권"
"주식/ETF","파생 옵션 엔씨소프트","삼성증권"
"주식/ETF","파생 옵션 엘앤에프","삼성증권"
"주식/ETF","파생 옵션 엘앤에프","신한증권"
"주식/ETF","파생 옵션 카카오","다올투자증권"
"주식/ETF","파생 옵션 카카오","한화투자"
"주식/ETF","파생 옵션 카카오뱅크","SK증권"
"주식/ETF","파생 옵션 카카오뱅크","디에스"
"주식/ETF","파생 옵션 카카오페이","유안타증권"
"주식/ETF","파생 옵션 카카오페이","한화투자"
"주식/ETF","파생 옵션 케이티앤지","메리츠"
"주식/ETF","파생 옵션 케이티앤지","하나증권"
"주식/ETF","파생 옵션 크래프톤","KB증권"
"주식/ETF","파생 옵션 크래프톤","유진증권"
"주식/ETF","파생 옵션 포스코DX","키움증권"
"주식/ETF","파생 옵션 포스코DX","하나증권"
"주식/ETF","파생 옵션 포스코인터내셔널","교보증권"
"주식/ETF","파생 옵션 포스코인터내셔널","유안타증권"
"주식/ETF","파생 옵션 포스코퓨처엠","다올투자증권"
"주식/ETF","파생 옵션 포스코퓨처엠","한국증권"
"주식/ETF","파생 옵션 하나금융지주","신영증권"
"주식/ETF","파생 옵션 하나금융지주","유안타증권"
"주식/ETF","파생 옵션 하이브","SK증권"
"주식/ETF","파생 옵션 하이브","대신증권"
"주식/ETF","파생 옵션 한국전력","교보증권"
"주식/ETF","파생 옵션 한국전력","신영증권"
"주식/ETF","파생 옵션 한국항공우주","LS증권"
"주식/ETF","파생 옵션 한국항공우주","한화투자"
"주식/ETF","파생 옵션 한화솔루션","SK증권"
"주식/ETF","파생 옵션 한화솔루션","iM증권"
"주식/ETF","파생 옵션 한화시스템","다올투자증권"
"주식/ETF","파생 옵션 한화시스템","유진증권"
"주식/ETF","파생 옵션 한화에어로스페이스","iM증권"
"주식/ETF","파생 옵션 한화에어로스페이스","다올투자증권"
"주식/ETF","파생 옵션 한화오션","KB증권"
"주식/ETF","파생 옵션 한화오션","메리츠"
"주식/ETF","파생 옵션 현대건설","iM증권"
"주식/ETF","파생 옵션 현대건설","유진증권"
"주식/ETF","파생 옵션 현대로템","LS증권"
"주식/ETF","파생 옵션 현대로템","NH투자증권"
"주식/ETF","파생 옵션 현대모비스","메리츠"
"주식/ETF","파생 옵션 현대모비스","삼성증권"
"주식/ETF","파생 옵션 현대제철","디에스"
"주식/ETF","파생 옵션 현대제철","키움증권"
"주식/ETF","파생 옵션 현대차","메리츠"
"주식/ETF","파생 옵션 현대차","한화투자"
"통화상품","파생 선물 미국달러","KB증권"
"통화상품","파생 선물 미국달러","LS증권"
"통화상품","파생 선물 미국달러","메리츠"
"통화상품","파생 선물 미국달러","한국증권"
"통화상품","파생 선물 엔","KB증권"
"통화상품","파생 선물 엔","한국증권"
"통화상품","파생 선물 위안","KB증권"
"통화상품","파생 선물 위안","LS증권"
"통화상품","파생 선물 위안","메리츠"
"통화상품","파생 선물 위안","중국은행"
"통화상품","파생 선물 위안","한국증권"
"통화상품","파생 선물 유로","KB증권"
"통화상품","파생 선물 유로","한국증권"